{
	"credit": "Made with Blockbench (Copyright (c) 2019 simibubi)",
	"parent": "block/block",
	"ambientocclusion": false,
	"render_type": "minecraft:cutout",
	"textures": {
		"6": "create:block/mixer_head"
	},
	"elements": [
		{
			"name": "MixerCenter",
			"from": [7, -11, 7],
			"to": [9, 1, 9],
			"rotation": {"angle": 0, "axis": "y", "origin": [8, 0, 8]},
			"faces": {
				"north": {"uv": [12, 0, 14, 12], "texture": "#6"},
				"east": {"uv": [12, 0, 14, 12], "texture": "#6"},
				"south": {"uv": [12, 0, 14, 12], "texture": "#6"},
				"west": {"uv": [12, 0, 14, 12], "texture": "#6"},
				"down": {"uv": [12, 12, 14, 14], "texture": "#6"}
			}
		},
		{
			"name": "Mixer wire 1",
			"from": [2.5, -11, 8],
			"to": [13.5, -1, 8],
			"rotation": {"angle": 0, "axis": "y", "origin": [0, -7, 0]},
			"faces": {
				"north": {"uv": [0, 0, 11, 10], "texture": "#6"},
				"south": {"uv": [0, 0, 11, 10], "texture": "#6"}
			}
		},
		{
			"name": "Mixer wire 2",
			"from": [8, -11, 2.5],
			"to": [8, -1, 13.5],
			"rotation": {"angle": 0, "axis": "y", "origin": [8, -6, 8]},
			"faces": {
				"east": {"uv": [0, 0, 11, 10], "texture": "#6"},
				"west": {"uv": [0, 0, 11, 10], "texture": "#6"}
			}
		}
	]
}