{
	"credit": "Made with Blockbench (Copyright (c) 2019 simibubi)",
	"parent": "block/block",
	"ambientocclusion": false,
	"textures": {
		"6": "create:block/waterwheel_metal",
		"mechanical_press_pole": "create:block/mechanical_press_pole"
	},
	"elements": [
		{
			"name": "polebase",
			"from": [5, 0, 5],
			"to": [11, 2, 11],
			"shade": false,
			"rotation": {"angle": 0, "axis": "y", "origin": [8, 2, 8]},
			"faces": {
				"north": {"uv": [10, 6, 16, 8], "texture": "#6"},
				"east": {"uv": [10, 6, 16, 8], "texture": "#6"},
				"south": {"uv": [10, 6, 16, 8], "texture": "#6"},
				"west": {"uv": [10, 6, 16, 8], "texture": "#6"},
				"up": {"uv": [10, 0, 16, 6], "texture": "#6"},
				"down": {"uv": [10, 0, 16, 6], "texture": "#6"}
			}
		},
		{
			"name": "Pole1Core",
			"from": [5.995, 2, 6],
			"to": [10.005, 12, 10],
			"rotation": {"angle": 0, "axis": "y", "origin": [8, 9, 8]},
			"faces": {
				"east": {"uv": [6, 6, 10, 16], "texture": "#mechanical_press_pole"},
				"west": {"uv": [6, 6, 10, 16], "texture": "#mechanical_press_pole"},
				"down": {"uv": [11, 1, 15, 5], "texture": "#mechanical_press_pole"}
			}
		},
		{
			"name": "Pole1Side",
			"from": [5, 2, 5],
			"to": [11, 12, 6],
			"rotation": {"angle": 0, "axis": "y", "origin": [8, 9, 8]},
			"faces": {
				"north": {"uv": [0, 6, 6, 16], "texture": "#mechanical_press_pole"},
				"east": {"uv": [0, 6, 1, 16], "texture": "#mechanical_press_pole"},
				"south": {"uv": [0, 6, 6, 16], "texture": "#mechanical_press_pole"},
				"west": {"uv": [5, 6, 6, 16], "texture": "#mechanical_press_pole"},
				"down": {"uv": [10, 5, 16, 6], "texture": "#mechanical_press_pole"}
			}
		},
		{
			"name": "Pole1Side",
			"from": [5, 2, 10],
			"to": [11, 12, 11],
			"rotation": {"angle": 0, "axis": "y", "origin": [8, 9, 8]},
			"faces": {
				"north": {"uv": [0, 6, 6, 16], "texture": "#mechanical_press_pole"},
				"east": {"uv": [0, 6, 1, 16], "texture": "#mechanical_press_pole"},
				"south": {"uv": [0, 6, 6, 16], "texture": "#mechanical_press_pole"},
				"west": {"uv": [5, 6, 6, 16], "texture": "#mechanical_press_pole"},
				"down": {"uv": [10, 0, 16, 1], "texture": "#mechanical_press_pole"}
			}
		},
		{
			"name": "Pole2Core",
			"from": [5.995, 12, 6],
			"to": [10.005, 25, 10],
			"rotation": {"angle": 0, "axis": "y", "origin": [8, 6, 8]},
			"faces": {
				"east": {"uv": [6, 0, 10, 13], "texture": "#mechanical_press_pole"},
				"west": {"uv": [6, 0, 10, 13], "texture": "#mechanical_press_pole"},
				"up": {"uv": [11, 1, 15, 5], "rotation": 180, "texture": "#mechanical_press_pole"}
			}
		},
		{
			"name": "Pole2Side",
			"from": [5, 12, 10],
			"to": [11, 25, 11],
			"rotation": {"angle": 0, "axis": "y", "origin": [8, 6, 8]},
			"faces": {
				"north": {"uv": [0, 0, 6, 13], "texture": "#mechanical_press_pole"},
				"east": {"uv": [0, 0, 1, 13], "texture": "#mechanical_press_pole"},
				"south": {"uv": [0, 0, 6, 13], "texture": "#mechanical_press_pole"},
				"west": {"uv": [5, 0, 6, 13], "texture": "#mechanical_press_pole"},
				"up": {"uv": [10, 0, 16, 1], "rotation": 180, "texture": "#mechanical_press_pole"}
			}
		},
		{
			"name": "Pole2Side",
			"from": [5, 12, 5],
			"to": [11, 25, 6],
			"rotation": {"angle": 0, "axis": "y", "origin": [8, 6, 8]},
			"faces": {
				"north": {"uv": [0, 0, 6, 13], "texture": "#mechanical_press_pole"},
				"east": {"uv": [0, 0, 1, 13], "texture": "#mechanical_press_pole"},
				"south": {"uv": [0, 0, 6, 13], "texture": "#mechanical_press_pole"},
				"west": {"uv": [5, 0, 6, 13], "texture": "#mechanical_press_pole"},
				"up": {"uv": [10, 5, 16, 6], "rotation": 180, "texture": "#mechanical_press_pole"}
			}
		}
	]
}