{
	"credit": "Made with Blockbench (Copyright (c) 2019 simibubi)",
	"parent": "block/block",
	"textures": {
		"0": "create:block/belt"
	},
	"elements": [
		{
			"name": "Top",
			"from": [3, 1, 0],
			"to": [5, 15, 16],
			"rotation": {"angle": 0, "axis": "z", "origin": [8, 8, 8]},
			"faces": {
				"east": {"uv": [1, 0, 15, 16], "rotation": 270, "texture": "#0"},
				"west": {"uv": [1, 0, 15, 16], "rotation": 90, "texture": "#0"},
				"up": {"uv": [0, 0, 2, 16], "rotation": 180, "texture": "#0"},
				"down": {"uv": [14, 0, 16, 16], "texture": "#0"}
			}
		},
		{
			"name": "Top",
			"from": [5, 3, 0],
			"to": [6, 13, 16],
			"rotation": {"angle": 0, "axis": "z", "origin": [8, 8, 8]},
			"faces": {
				"east": {"uv": [3, 0, 13, 16], "rotation": 270, "texture": "#0"},
				"up": {"uv": [12, 0, 13, 16], "rotation": 180, "texture": "#0"},
				"down": {"uv": [3, 0, 4, 16], "texture": "#0"}
			}
		}
	]
}