{
	"credit": "Made with Blockbench (Copyright (c) 2019 simibubi)",
	"parent": "block/block",
	"textures": {
		"0": "create:block/belt"
	},
	"elements": [
		{
			"name": "Top",
			"from": [3, 1, 0],
			"to": [5, 15, 15],
			"rotation": {"angle": 0, "axis": "z", "origin": [8, 8, 8]},
			"faces": {
				"east": {"uv": [1, 1, 15, 16], "rotation": 270, "texture": "#0"},
				"south": {"uv": [1, 0, 15, 1], "rotation": 90, "texture": "#0"},
				"west": {"uv": [1, 1, 15, 16], "rotation": 90, "texture": "#0"},
				"up": {"uv": [0, 1, 2, 16], "rotation": 180, "texture": "#0"},
				"down": {"uv": [14, 1, 16, 16], "texture": "#0"}
			}
		},
		{
			"name": "Top",
			"from": [5, 3, 0],
			"to": [6, 13, 14],
			"rotation": {"angle": 0, "axis": "z", "origin": [8, 8, 8]},
			"faces": {
				"east": {"uv": [3, 2, 13, 16], "rotation": 270, "texture": "#0"},
				"up": {"uv": [3, 2, 4, 16], "rotation": 180, "texture": "#0"},
				"down": {"uv": [12, 2, 13, 16], "texture": "#0"}
			}
		},
		{
			"name": "Side",
			"from": [4, 1.1, 14.05],
			"to": [12, 14.9, 16.05],
			"rotation": {"angle": 0, "axis": "z", "origin": [8, 8, 8]},
			"faces": {
				"north": {"uv": [1, 8, 15, 16], "rotation": 270, "texture": "#0"},
				"east": {"uv": [1, 7, 15, 8], "rotation": 90, "texture": "#0"},
				"south": {"uv": [1, 8, 15, 16], "rotation": 90, "texture": "#0"},
				"west": {"uv": [1, 0, 15, 1], "rotation": 90, "texture": "#0"},
				"up": {"uv": [0, 8, 2, 16], "rotation": 90, "texture": "#0"},
				"down": {"uv": [14, 8, 16, 16], "rotation": 90, "texture": "#0"}
			}
		},
		{
			"name": "Side",
			"from": [6, 3, 13],
			"to": [10, 13, 14],
			"rotation": {"angle": 0, "axis": "z", "origin": [8, 8, 8]},
			"faces": {
				"north": {"uv": [3, 10, 13, 14], "rotation": 270, "texture": "#0"},
				"up": {"uv": [12, 10, 13, 14], "rotation": 90, "texture": "#0"},
				"down": {"uv": [3, 10, 4, 14], "rotation": 90, "texture": "#0"}
			}
		}
	]
}