{
	"credit": "Made with Blockbench (Copyright (c) 2019 simibubi)",
	"parent": "block/block",
	"textures": {
		"0": "create:block/belt"
	},
	"elements": [
		{
			"name": "Top",
			"from": [5, 3, 2],
			"to": [6, 13, 16],
			"rotation": {"angle": 0, "axis": "z", "origin": [8, 8, 8]},
			"faces": {
				"east": {"uv": [3, 0, 13, 14], "rotation": 270, "texture": "#0"},
				"up": {"uv": [3, 0, 4, 14], "rotation": 180, "texture": "#0"},
				"down": {"uv": [12, 0, 13, 14], "texture": "#0"}
			}
		},
		{
			"name": "Top",
			"from": [3, 1, 1],
			"to": [5, 15, 16],
			"rotation": {"angle": 0, "axis": "z", "origin": [8, 8, 8]},
			"faces": {
				"north": {"uv": [1, 15, 15, 16], "rotation": 90, "texture": "#0"},
				"east": {"uv": [1, 0, 15, 15], "rotation": 270, "texture": "#0"},
				"west": {"uv": [1, 0, 15, 15], "rotation": 90, "texture": "#0"},
				"up": {"uv": [0, 0, 2, 15], "rotation": 180, "texture": "#0"},
				"down": {"uv": [14, 0, 16, 15], "texture": "#0"}
			}
		},
		{
			"name": "Side",
			"from": [4, 1.1, -0.05],
			"to": [12, 14.9, 1.95],
			"rotation": {"angle": 0, "axis": "z", "origin": [8, 8, 8]},
			"faces": {
				"north": {"uv": [1, 0, 15, 8], "rotation": 90, "texture": "#0"},
				"east": {"uv": [1, 8, 15, 9], "rotation": 90, "texture": "#0"},
				"south": {"uv": [1, 0, 15, 8], "rotation": 270, "texture": "#0"},
				"west": {"uv": [1, 15, 15, 16], "rotation": 90, "texture": "#0"},
				"up": {"uv": [0, 0, 2, 8], "rotation": 270, "texture": "#0"},
				"down": {"uv": [14, 0, 16, 8], "rotation": 270, "texture": "#0"}
			}
		},
		{
			"name": "Side",
			"from": [6, 3, 2],
			"to": [10, 13, 3],
			"rotation": {"angle": 0, "axis": "z", "origin": [8, 8, 8]},
			"faces": {
				"south": {"uv": [3, 2, 13, 6], "rotation": 270, "texture": "#0"},
				"up": {"uv": [3, 6, 4, 10], "rotation": 270, "texture": "#0"},
				"down": {"uv": [12, 6, 13, 10], "rotation": 270, "texture": "#0"}
			}
		}
	]
}