{"multipart": [{"when": {"AND": [{"OR": [{"part": "middle"}, {"part": "pulley"}]}, {"OR": [{"slope": "downward", "facing": "north"}, {"slope": "upward", "facing": "south"}]}]}, "apply": {"model": "create:block/belt/diagonal_middle", "y": 180}}, {"when": {"OR": [{"part": "end", "slope": "downward", "facing": "north"}, {"part": "start", "slope": "upward", "facing": "south"}]}, "apply": {"model": "create:block/belt/diagonal_start", "y": 180}}, {"when": {"OR": [{"part": "start", "slope": "downward", "facing": "north"}, {"part": "end", "slope": "upward", "facing": "south"}]}, "apply": {"model": "create:block/belt/diagonal_end", "y": 180}}, {"when": {"AND": [{"OR": [{"part": "middle"}, {"part": "pulley"}]}, {"OR": [{"slope": "downward", "facing": "south"}, {"slope": "upward", "facing": "north"}]}]}, "apply": {"model": "create:block/belt/diagonal_middle", "y": 0}}, {"when": {"OR": [{"part": "end", "slope": "downward", "facing": "south"}, {"part": "start", "slope": "upward", "facing": "north"}]}, "apply": {"model": "create:block/belt/diagonal_start", "y": 0}}, {"when": {"OR": [{"part": "start", "slope": "downward", "facing": "south"}, {"part": "end", "slope": "upward", "facing": "north"}]}, "apply": {"model": "create:block/belt/diagonal_end", "y": 0}}, {"when": {"AND": [{"OR": [{"part": "middle"}, {"part": "pulley"}]}, {"OR": [{"slope": "downward", "facing": "east"}, {"slope": "upward", "facing": "west"}]}]}, "apply": {"model": "create:block/belt/diagonal_middle", "y": 270}}, {"when": {"OR": [{"part": "end", "slope": "downward", "facing": "east"}, {"part": "start", "slope": "upward", "facing": "west"}]}, "apply": {"model": "create:block/belt/diagonal_start", "y": 270}}, {"when": {"OR": [{"part": "start", "slope": "downward", "facing": "east"}, {"part": "end", "slope": "upward", "facing": "west"}]}, "apply": {"model": "create:block/belt/diagonal_end", "y": 270}}, {"when": {"AND": [{"OR": [{"part": "middle"}, {"part": "pulley"}]}, {"OR": [{"slope": "downward", "facing": "west"}, {"slope": "upward", "facing": "east"}]}]}, "apply": {"model": "create:block/belt/diagonal_middle", "y": 90}}, {"when": {"OR": [{"part": "end", "slope": "downward", "facing": "west"}, {"part": "start", "slope": "upward", "facing": "east"}]}, "apply": {"model": "create:block/belt/diagonal_start", "y": 90}}, {"when": {"OR": [{"part": "start", "slope": "downward", "facing": "west"}, {"part": "end", "slope": "upward", "facing": "east"}]}, "apply": {"model": "create:block/belt/diagonal_end", "y": 90}}, {"when": {"AND": [{"part": "start"}, {"facing": "north", "slope": "horizontal"}]}, "apply": {"model": "create:block/belt/start", "y": 180}}, {"when": {"AND": [{"part": "start"}, {"facing": "north", "slope": "vertical"}]}, "apply": {"model": "create:block/belt/end", "y": 180, "x": 90}}, {"when": {"AND": [{"part": "start"}, {"facing": "north", "slope": "sideways"}]}, "apply": {"model": "create:block/belt/sideways_start", "y": 180}}, {"when": {"AND": [{"part": "start"}, {"facing": "north", "slope": "horizontal"}]}, "apply": {"model": "create:block/belt/start_bottom", "y": 180}}, {"when": {"AND": [{"part": "start"}, {"facing": "north", "slope": "vertical"}]}, "apply": {"model": "create:block/belt/end_bottom", "y": 180, "x": 90}}, {"when": {"AND": [{"part": "start"}, {"facing": "north", "slope": "sideways"}]}, "apply": {"model": "create:block/belt/sideways_start_bottom", "y": 180}}, {"when": {"AND": [{"OR": [{"part": "middle"}, {"part": "pulley"}]}, {"facing": "north", "slope": "horizontal"}]}, "apply": {"model": "create:block/belt/middle", "y": 180}}, {"when": {"AND": [{"OR": [{"part": "middle"}, {"part": "pulley"}]}, {"facing": "north", "slope": "vertical"}]}, "apply": {"model": "create:block/belt/middle", "y": 180, "x": 90}}, {"when": {"AND": [{"OR": [{"part": "middle"}, {"part": "pulley"}]}, {"facing": "north", "slope": "sideways"}]}, "apply": {"model": "create:block/belt/sideways_middle", "y": 180}}, {"when": {"AND": [{"OR": [{"part": "middle"}, {"part": "pulley"}]}, {"facing": "north", "slope": "horizontal"}]}, "apply": {"model": "create:block/belt/middle_bottom", "y": 180}}, {"when": {"AND": [{"OR": [{"part": "middle"}, {"part": "pulley"}]}, {"facing": "north", "slope": "vertical"}]}, "apply": {"model": "create:block/belt/middle_bottom", "y": 180, "x": 90}}, {"when": {"AND": [{"OR": [{"part": "middle"}, {"part": "pulley"}]}, {"facing": "north", "slope": "sideways"}]}, "apply": {"model": "create:block/belt/sideways_middle_bottom", "y": 180}}, {"when": {"AND": [{"part": "end"}, {"facing": "north", "slope": "horizontal"}]}, "apply": {"model": "create:block/belt/end", "y": 180}}, {"when": {"AND": [{"part": "end"}, {"facing": "north", "slope": "vertical"}]}, "apply": {"model": "create:block/belt/start", "y": 180, "x": 90}}, {"when": {"AND": [{"part": "end"}, {"facing": "north", "slope": "sideways"}]}, "apply": {"model": "create:block/belt/sideways_end", "y": 180}}, {"when": {"AND": [{"part": "end"}, {"facing": "north", "slope": "horizontal"}]}, "apply": {"model": "create:block/belt/end_bottom", "y": 180}}, {"when": {"AND": [{"part": "end"}, {"facing": "north", "slope": "vertical"}]}, "apply": {"model": "create:block/belt/start_bottom", "y": 180, "x": 90}}, {"when": {"AND": [{"part": "end"}, {"facing": "north", "slope": "sideways"}]}, "apply": {"model": "create:block/belt/sideways_end_bottom", "y": 180}}, {"when": {"AND": [{"part": "start"}, {"facing": "south", "slope": "horizontal"}]}, "apply": {"model": "create:block/belt/start", "y": 0}}, {"when": {"AND": [{"part": "start"}, {"facing": "south", "slope": "vertical"}]}, "apply": {"model": "create:block/belt/start", "y": 0, "x": 90}}, {"when": {"AND": [{"part": "start"}, {"facing": "south", "slope": "sideways"}]}, "apply": {"model": "create:block/belt/sideways_start", "y": 0}}, {"when": {"AND": [{"part": "start"}, {"facing": "south", "slope": "horizontal"}]}, "apply": {"model": "create:block/belt/start_bottom", "y": 0}}, {"when": {"AND": [{"part": "start"}, {"facing": "south", "slope": "vertical"}]}, "apply": {"model": "create:block/belt/start_bottom", "y": 0, "x": 90}}, {"when": {"AND": [{"part": "start"}, {"facing": "south", "slope": "sideways"}]}, "apply": {"model": "create:block/belt/sideways_start_bottom", "y": 0}}, {"when": {"AND": [{"OR": [{"part": "middle"}, {"part": "pulley"}]}, {"facing": "south", "slope": "horizontal"}]}, "apply": {"model": "create:block/belt/middle", "y": 0}}, {"when": {"AND": [{"OR": [{"part": "middle"}, {"part": "pulley"}]}, {"facing": "south", "slope": "vertical"}]}, "apply": {"model": "create:block/belt/middle", "y": 0, "x": 90}}, {"when": {"AND": [{"OR": [{"part": "middle"}, {"part": "pulley"}]}, {"facing": "south", "slope": "sideways"}]}, "apply": {"model": "create:block/belt/sideways_middle", "y": 0}}, {"when": {"AND": [{"OR": [{"part": "middle"}, {"part": "pulley"}]}, {"facing": "south", "slope": "horizontal"}]}, "apply": {"model": "create:block/belt/middle_bottom", "y": 0}}, {"when": {"AND": [{"OR": [{"part": "middle"}, {"part": "pulley"}]}, {"facing": "south", "slope": "vertical"}]}, "apply": {"model": "create:block/belt/middle_bottom", "y": 0, "x": 90}}, {"when": {"AND": [{"OR": [{"part": "middle"}, {"part": "pulley"}]}, {"facing": "south", "slope": "sideways"}]}, "apply": {"model": "create:block/belt/sideways_middle_bottom", "y": 0}}, {"when": {"AND": [{"part": "end"}, {"facing": "south", "slope": "horizontal"}]}, "apply": {"model": "create:block/belt/end", "y": 0}}, {"when": {"AND": [{"part": "end"}, {"facing": "south", "slope": "vertical"}]}, "apply": {"model": "create:block/belt/end", "y": 0, "x": 90}}, {"when": {"AND": [{"part": "end"}, {"facing": "south", "slope": "sideways"}]}, "apply": {"model": "create:block/belt/sideways_end", "y": 0}}, {"when": {"AND": [{"part": "end"}, {"facing": "south", "slope": "horizontal"}]}, "apply": {"model": "create:block/belt/end_bottom", "y": 0}}, {"when": {"AND": [{"part": "end"}, {"facing": "south", "slope": "vertical"}]}, "apply": {"model": "create:block/belt/end_bottom", "y": 0, "x": 90}}, {"when": {"AND": [{"part": "end"}, {"facing": "south", "slope": "sideways"}]}, "apply": {"model": "create:block/belt/sideways_end_bottom", "y": 0}}, {"when": {"AND": [{"part": "start"}, {"facing": "east", "slope": "horizontal"}]}, "apply": {"model": "create:block/belt/start", "y": 270}}, {"when": {"AND": [{"part": "start"}, {"facing": "east", "slope": "vertical"}]}, "apply": {"model": "create:block/belt/start", "y": 270, "x": 90}}, {"when": {"AND": [{"part": "start"}, {"facing": "east", "slope": "sideways"}]}, "apply": {"model": "create:block/belt/sideways_start", "y": 270}}, {"when": {"AND": [{"part": "start"}, {"facing": "east", "slope": "horizontal"}]}, "apply": {"model": "create:block/belt/start_bottom", "y": 270}}, {"when": {"AND": [{"part": "start"}, {"facing": "east", "slope": "vertical"}]}, "apply": {"model": "create:block/belt/start_bottom", "y": 270, "x": 90}}, {"when": {"AND": [{"part": "start"}, {"facing": "east", "slope": "sideways"}]}, "apply": {"model": "create:block/belt/sideways_start_bottom", "y": 270}}, {"when": {"AND": [{"OR": [{"part": "middle"}, {"part": "pulley"}]}, {"facing": "east", "slope": "horizontal"}]}, "apply": {"model": "create:block/belt/middle", "y": 270}}, {"when": {"AND": [{"OR": [{"part": "middle"}, {"part": "pulley"}]}, {"facing": "east", "slope": "vertical"}]}, "apply": {"model": "create:block/belt/middle", "y": 270, "x": 90}}, {"when": {"AND": [{"OR": [{"part": "middle"}, {"part": "pulley"}]}, {"facing": "east", "slope": "sideways"}]}, "apply": {"model": "create:block/belt/sideways_middle", "y": 270}}, {"when": {"AND": [{"OR": [{"part": "middle"}, {"part": "pulley"}]}, {"facing": "east", "slope": "horizontal"}]}, "apply": {"model": "create:block/belt/middle_bottom", "y": 270}}, {"when": {"AND": [{"OR": [{"part": "middle"}, {"part": "pulley"}]}, {"facing": "east", "slope": "vertical"}]}, "apply": {"model": "create:block/belt/middle_bottom", "y": 270, "x": 90}}, {"when": {"AND": [{"OR": [{"part": "middle"}, {"part": "pulley"}]}, {"facing": "east", "slope": "sideways"}]}, "apply": {"model": "create:block/belt/sideways_middle_bottom", "y": 270}}, {"when": {"AND": [{"part": "end"}, {"facing": "east", "slope": "horizontal"}]}, "apply": {"model": "create:block/belt/end", "y": 270}}, {"when": {"AND": [{"part": "end"}, {"facing": "east", "slope": "vertical"}]}, "apply": {"model": "create:block/belt/end", "y": 270, "x": 90}}, {"when": {"AND": [{"part": "end"}, {"facing": "east", "slope": "sideways"}]}, "apply": {"model": "create:block/belt/sideways_end", "y": 270}}, {"when": {"AND": [{"part": "end"}, {"facing": "east", "slope": "horizontal"}]}, "apply": {"model": "create:block/belt/end_bottom", "y": 270}}, {"when": {"AND": [{"part": "end"}, {"facing": "east", "slope": "vertical"}]}, "apply": {"model": "create:block/belt/end_bottom", "y": 270, "x": 90}}, {"when": {"AND": [{"part": "end"}, {"facing": "east", "slope": "sideways"}]}, "apply": {"model": "create:block/belt/sideways_end_bottom", "y": 270}}, {"when": {"AND": [{"part": "start"}, {"facing": "west", "slope": "horizontal"}]}, "apply": {"model": "create:block/belt/start", "y": 90}}, {"when": {"AND": [{"part": "start"}, {"facing": "west", "slope": "vertical"}]}, "apply": {"model": "create:block/belt/end", "y": 90, "x": 90}}, {"when": {"AND": [{"part": "start"}, {"facing": "west", "slope": "sideways"}]}, "apply": {"model": "create:block/belt/sideways_start", "y": 90}}, {"when": {"AND": [{"part": "start"}, {"facing": "west", "slope": "horizontal"}]}, "apply": {"model": "create:block/belt/start_bottom", "y": 90}}, {"when": {"AND": [{"part": "start"}, {"facing": "west", "slope": "vertical"}]}, "apply": {"model": "create:block/belt/end_bottom", "y": 90, "x": 90}}, {"when": {"AND": [{"part": "start"}, {"facing": "west", "slope": "sideways"}]}, "apply": {"model": "create:block/belt/sideways_start_bottom", "y": 90}}, {"when": {"AND": [{"OR": [{"part": "middle"}, {"part": "pulley"}]}, {"facing": "west", "slope": "horizontal"}]}, "apply": {"model": "create:block/belt/middle", "y": 90}}, {"when": {"AND": [{"OR": [{"part": "middle"}, {"part": "pulley"}]}, {"facing": "west", "slope": "vertical"}]}, "apply": {"model": "create:block/belt/middle", "y": 90, "x": 90}}, {"when": {"AND": [{"OR": [{"part": "middle"}, {"part": "pulley"}]}, {"facing": "west", "slope": "sideways"}]}, "apply": {"model": "create:block/belt/sideways_middle", "y": 90}}, {"when": {"AND": [{"OR": [{"part": "middle"}, {"part": "pulley"}]}, {"facing": "west", "slope": "horizontal"}]}, "apply": {"model": "create:block/belt/middle_bottom", "y": 90}}, {"when": {"AND": [{"OR": [{"part": "middle"}, {"part": "pulley"}]}, {"facing": "west", "slope": "vertical"}]}, "apply": {"model": "create:block/belt/middle_bottom", "y": 90, "x": 90}}, {"when": {"AND": [{"OR": [{"part": "middle"}, {"part": "pulley"}]}, {"facing": "west", "slope": "sideways"}]}, "apply": {"model": "create:block/belt/sideways_middle_bottom", "y": 90}}, {"when": {"AND": [{"part": "end"}, {"facing": "west", "slope": "horizontal"}]}, "apply": {"model": "create:block/belt/end", "y": 90}}, {"when": {"AND": [{"part": "end"}, {"facing": "west", "slope": "vertical"}]}, "apply": {"model": "create:block/belt/start", "y": 90, "x": 90}}, {"when": {"AND": [{"part": "end"}, {"facing": "west", "slope": "sideways"}]}, "apply": {"model": "create:block/belt/sideways_end", "y": 90}}, {"when": {"AND": [{"part": "end"}, {"facing": "west", "slope": "horizontal"}]}, "apply": {"model": "create:block/belt/end_bottom", "y": 90}}, {"when": {"AND": [{"part": "end"}, {"facing": "west", "slope": "vertical"}]}, "apply": {"model": "create:block/belt/start_bottom", "y": 90, "x": 90}}, {"when": {"AND": [{"part": "end"}, {"facing": "west", "slope": "sideways"}]}, "apply": {"model": "create:block/belt/sideways_end_bottom", "y": 90}}, {"when": {"AND": [{"OR": [{"part": "start"}, {"part": "pulley"}, {"part": "end"}]}, {"OR": [{"facing": "north"}, {"facing": "south"}]}, {"OR": [{"slope": "horizontal"}, {"slope": "upward"}, {"slope": "downward"}, {"slope": "vertical"}]}]}, "apply": {"model": "create:block/belt_pulley", "y": 270, "x": 90}}, {"when": {"AND": [{"OR": [{"part": "start"}, {"part": "pulley"}, {"part": "end"}]}, {"OR": [{"facing": "east"}, {"facing": "west"}]}, {"OR": [{"slope": "horizontal"}, {"slope": "upward"}, {"slope": "downward"}, {"slope": "vertical"}]}]}, "apply": {"model": "create:block/belt_pulley", "y": 360, "x": 90}}, {"when": {"AND": [{"OR": [{"part": "start"}, {"part": "pulley"}, {"part": "end"}]}, {"slope": "sideways"}]}, "apply": {"model": "create:block/belt_pulley", "x": 0}}, {"when": {"AND": [{"part": "middle"}, {"OR": [{"slope": "downward", "facing": "north"}, {"slope": "upward", "facing": "south"}]}, {"casing": "true"}]}, "apply": {"model": "create:block/belt_casing/diagonal_middle", "y": 180}}, {"when": {"AND": [{"part": "pulley"}, {"OR": [{"slope": "downward", "facing": "north"}, {"slope": "upward", "facing": "south"}]}, {"casing": "true"}]}, "apply": {"model": "create:block/belt_casing/diagonal_pulley", "y": 180}}, {"when": {"AND": [{"OR": [{"part": "end", "slope": "downward", "facing": "north"}, {"part": "start", "slope": "upward", "facing": "south"}]}, {"casing": "true"}]}, "apply": {"model": "create:block/belt_casing/diagonal_start", "y": 180}}, {"when": {"AND": [{"OR": [{"part": "start", "slope": "downward", "facing": "north"}, {"part": "end", "slope": "upward", "facing": "south"}]}, {"casing": "true"}]}, "apply": {"model": "create:block/belt_casing/diagonal_end", "y": 180}}, {"when": {"AND": [{"part": "middle"}, {"OR": [{"slope": "downward", "facing": "south"}, {"slope": "upward", "facing": "north"}]}, {"casing": "true"}]}, "apply": {"model": "create:block/belt_casing/diagonal_middle", "y": 0}}, {"when": {"AND": [{"part": "pulley"}, {"OR": [{"slope": "downward", "facing": "south"}, {"slope": "upward", "facing": "north"}]}, {"casing": "true"}]}, "apply": {"model": "create:block/belt_casing/diagonal_pulley", "y": 0}}, {"when": {"AND": [{"OR": [{"part": "end", "slope": "downward", "facing": "south"}, {"part": "start", "slope": "upward", "facing": "north"}]}, {"casing": "true"}]}, "apply": {"model": "create:block/belt_casing/diagonal_start", "y": 0}}, {"when": {"AND": [{"OR": [{"part": "start", "slope": "downward", "facing": "south"}, {"part": "end", "slope": "upward", "facing": "north"}]}, {"casing": "true"}]}, "apply": {"model": "create:block/belt_casing/diagonal_end", "y": 0}}, {"when": {"AND": [{"part": "middle"}, {"OR": [{"slope": "downward", "facing": "east"}, {"slope": "upward", "facing": "west"}]}, {"casing": "true"}]}, "apply": {"model": "create:block/belt_casing/diagonal_middle", "y": 270}}, {"when": {"AND": [{"part": "pulley"}, {"OR": [{"slope": "downward", "facing": "east"}, {"slope": "upward", "facing": "west"}]}, {"casing": "true"}]}, "apply": {"model": "create:block/belt_casing/diagonal_pulley", "y": 270}}, {"when": {"AND": [{"OR": [{"part": "end", "slope": "downward", "facing": "east"}, {"part": "start", "slope": "upward", "facing": "west"}]}, {"casing": "true"}]}, "apply": {"model": "create:block/belt_casing/diagonal_start", "y": 270}}, {"when": {"AND": [{"OR": [{"part": "start", "slope": "downward", "facing": "east"}, {"part": "end", "slope": "upward", "facing": "west"}]}, {"casing": "true"}]}, "apply": {"model": "create:block/belt_casing/diagonal_end", "y": 270}}, {"when": {"AND": [{"part": "middle"}, {"OR": [{"slope": "downward", "facing": "west"}, {"slope": "upward", "facing": "east"}]}, {"casing": "true"}]}, "apply": {"model": "create:block/belt_casing/diagonal_middle", "y": 90}}, {"when": {"AND": [{"part": "pulley"}, {"OR": [{"slope": "downward", "facing": "west"}, {"slope": "upward", "facing": "east"}]}, {"casing": "true"}]}, "apply": {"model": "create:block/belt_casing/diagonal_pulley", "y": 90}}, {"when": {"AND": [{"OR": [{"part": "end", "slope": "downward", "facing": "west"}, {"part": "start", "slope": "upward", "facing": "east"}]}, {"casing": "true"}]}, "apply": {"model": "create:block/belt_casing/diagonal_start", "y": 90}}, {"when": {"AND": [{"OR": [{"part": "start", "slope": "downward", "facing": "west"}, {"part": "end", "slope": "upward", "facing": "east"}]}, {"casing": "true"}]}, "apply": {"model": "create:block/belt_casing/diagonal_end", "y": 90}}, {"when": {"AND": [{"part": "start"}, {"facing": "north", "slope": "horizontal", "casing": "true"}]}, "apply": {"model": "create:block/belt_casing/horizontal_start", "y": 180}}, {"when": {"AND": [{"part": "start"}, {"facing": "north", "slope": "vertical", "casing": "true"}]}, "apply": {"model": "create:block/belt_casing/sideways_end", "x": 90, "y": 270}}, {"when": {"AND": [{"part": "start"}, {"facing": "north", "slope": "sideways", "casing": "true"}]}, "apply": {"model": "create:block/belt_casing/sideways_end", "y": 180}}, {"when": {"AND": [{"part": "middle"}, {"facing": "north", "slope": "horizontal", "casing": "true"}]}, "apply": {"model": "create:block/belt_casing/horizontal_middle", "y": 180}}, {"when": {"AND": [{"part": "middle"}, {"facing": "north", "slope": "vertical", "casing": "true"}]}, "apply": {"model": "create:block/belt_casing/sideways_middle", "x": 90, "y": 270}}, {"when": {"AND": [{"part": "middle"}, {"facing": "north", "slope": "sideways", "casing": "true"}]}, "apply": {"model": "create:block/belt_casing/sideways_middle", "y": 180}}, {"when": {"AND": [{"part": "pulley"}, {"facing": "north", "slope": "horizontal", "casing": "true"}]}, "apply": {"model": "create:block/belt_casing/horizontal_pulley", "y": 180}}, {"when": {"AND": [{"part": "pulley"}, {"facing": "north", "slope": "vertical", "casing": "true"}]}, "apply": {"model": "create:block/belt_casing/sideways_pulley", "x": 90, "y": 270}}, {"when": {"AND": [{"part": "pulley"}, {"facing": "north", "slope": "sideways", "casing": "true"}]}, "apply": {"model": "create:block/belt_casing/sideways_pulley", "y": 180}}, {"when": {"AND": [{"part": "end"}, {"facing": "north", "slope": "horizontal", "casing": "true"}]}, "apply": {"model": "create:block/belt_casing/horizontal_end", "y": 180}}, {"when": {"AND": [{"part": "end"}, {"facing": "north", "slope": "vertical", "casing": "true"}]}, "apply": {"model": "create:block/belt_casing/sideways_start", "x": 90, "y": 270}}, {"when": {"AND": [{"part": "end"}, {"facing": "north", "slope": "sideways", "casing": "true"}]}, "apply": {"model": "create:block/belt_casing/sideways_start", "y": 180}}, {"when": {"AND": [{"part": "start"}, {"facing": "south", "slope": "horizontal", "casing": "true"}]}, "apply": {"model": "create:block/belt_casing/horizontal_start", "y": 0}}, {"when": {"AND": [{"part": "start"}, {"facing": "south", "slope": "vertical", "casing": "true"}]}, "apply": {"model": "create:block/belt_casing/sideways_start", "x": 90, "y": 90}}, {"when": {"AND": [{"part": "start"}, {"facing": "south", "slope": "sideways", "casing": "true"}]}, "apply": {"model": "create:block/belt_casing/sideways_start", "y": 0}}, {"when": {"AND": [{"part": "middle"}, {"facing": "south", "slope": "horizontal", "casing": "true"}]}, "apply": {"model": "create:block/belt_casing/horizontal_middle", "y": 0}}, {"when": {"AND": [{"part": "middle"}, {"facing": "south", "slope": "vertical", "casing": "true"}]}, "apply": {"model": "create:block/belt_casing/sideways_middle", "x": 90, "y": 90}}, {"when": {"AND": [{"part": "middle"}, {"facing": "south", "slope": "sideways", "casing": "true"}]}, "apply": {"model": "create:block/belt_casing/sideways_middle", "y": 0}}, {"when": {"AND": [{"part": "pulley"}, {"facing": "south", "slope": "horizontal", "casing": "true"}]}, "apply": {"model": "create:block/belt_casing/horizontal_pulley", "y": 0}}, {"when": {"AND": [{"part": "pulley"}, {"facing": "south", "slope": "vertical", "casing": "true"}]}, "apply": {"model": "create:block/belt_casing/sideways_pulley", "x": 90, "y": 90}}, {"when": {"AND": [{"part": "pulley"}, {"facing": "south", "slope": "sideways", "casing": "true"}]}, "apply": {"model": "create:block/belt_casing/sideways_pulley", "y": 0}}, {"when": {"AND": [{"part": "end"}, {"facing": "south", "slope": "horizontal", "casing": "true"}]}, "apply": {"model": "create:block/belt_casing/horizontal_end", "y": 0}}, {"when": {"AND": [{"part": "end"}, {"facing": "south", "slope": "vertical", "casing": "true"}]}, "apply": {"model": "create:block/belt_casing/sideways_end", "x": 90, "y": 90}}, {"when": {"AND": [{"part": "end"}, {"facing": "south", "slope": "sideways", "casing": "true"}]}, "apply": {"model": "create:block/belt_casing/sideways_end", "y": 0}}, {"when": {"AND": [{"part": "start"}, {"facing": "east", "slope": "horizontal", "casing": "true"}]}, "apply": {"model": "create:block/belt_casing/horizontal_start", "y": 270}}, {"when": {"AND": [{"part": "start"}, {"facing": "east", "slope": "vertical", "casing": "true"}]}, "apply": {"model": "create:block/belt_casing/sideways_start", "x": 90, "y": 0}}, {"when": {"AND": [{"part": "start"}, {"facing": "east", "slope": "sideways", "casing": "true"}]}, "apply": {"model": "create:block/belt_casing/sideways_start", "y": 270}}, {"when": {"AND": [{"part": "middle"}, {"facing": "east", "slope": "horizontal", "casing": "true"}]}, "apply": {"model": "create:block/belt_casing/horizontal_middle", "y": 270}}, {"when": {"AND": [{"part": "middle"}, {"facing": "east", "slope": "vertical", "casing": "true"}]}, "apply": {"model": "create:block/belt_casing/sideways_middle", "x": 90, "y": 0}}, {"when": {"AND": [{"part": "middle"}, {"facing": "east", "slope": "sideways", "casing": "true"}]}, "apply": {"model": "create:block/belt_casing/sideways_middle", "y": 270}}, {"when": {"AND": [{"part": "pulley"}, {"facing": "east", "slope": "horizontal", "casing": "true"}]}, "apply": {"model": "create:block/belt_casing/horizontal_pulley", "y": 270}}, {"when": {"AND": [{"part": "pulley"}, {"facing": "east", "slope": "vertical", "casing": "true"}]}, "apply": {"model": "create:block/belt_casing/sideways_pulley", "x": 90, "y": 0}}, {"when": {"AND": [{"part": "pulley"}, {"facing": "east", "slope": "sideways", "casing": "true"}]}, "apply": {"model": "create:block/belt_casing/sideways_pulley", "y": 270}}, {"when": {"AND": [{"part": "end"}, {"facing": "east", "slope": "horizontal", "casing": "true"}]}, "apply": {"model": "create:block/belt_casing/horizontal_end", "y": 270}}, {"when": {"AND": [{"part": "end"}, {"facing": "east", "slope": "vertical", "casing": "true"}]}, "apply": {"model": "create:block/belt_casing/sideways_end", "x": 90, "y": 0}}, {"when": {"AND": [{"part": "end"}, {"facing": "east", "slope": "sideways", "casing": "true"}]}, "apply": {"model": "create:block/belt_casing/sideways_end", "y": 270}}, {"when": {"AND": [{"part": "start"}, {"facing": "west", "slope": "horizontal", "casing": "true"}]}, "apply": {"model": "create:block/belt_casing/horizontal_start", "y": 90}}, {"when": {"AND": [{"part": "start"}, {"facing": "west", "slope": "vertical", "casing": "true"}]}, "apply": {"model": "create:block/belt_casing/sideways_end", "x": 90, "y": 180}}, {"when": {"AND": [{"part": "start"}, {"facing": "west", "slope": "sideways", "casing": "true"}]}, "apply": {"model": "create:block/belt_casing/sideways_end", "y": 90}}, {"when": {"AND": [{"part": "middle"}, {"facing": "west", "slope": "horizontal", "casing": "true"}]}, "apply": {"model": "create:block/belt_casing/horizontal_middle", "y": 90}}, {"when": {"AND": [{"part": "middle"}, {"facing": "west", "slope": "vertical", "casing": "true"}]}, "apply": {"model": "create:block/belt_casing/sideways_middle", "x": 90, "y": 180}}, {"when": {"AND": [{"part": "middle"}, {"facing": "west", "slope": "sideways", "casing": "true"}]}, "apply": {"model": "create:block/belt_casing/sideways_middle", "y": 90}}, {"when": {"AND": [{"part": "pulley"}, {"facing": "west", "slope": "horizontal", "casing": "true"}]}, "apply": {"model": "create:block/belt_casing/horizontal_pulley", "y": 90}}, {"when": {"AND": [{"part": "pulley"}, {"facing": "west", "slope": "vertical", "casing": "true"}]}, "apply": {"model": "create:block/belt_casing/sideways_pulley", "x": 90, "y": 180}}, {"when": {"AND": [{"part": "pulley"}, {"facing": "west", "slope": "sideways", "casing": "true"}]}, "apply": {"model": "create:block/belt_casing/sideways_pulley", "y": 90}}, {"when": {"AND": [{"part": "end"}, {"facing": "west", "slope": "horizontal", "casing": "true"}]}, "apply": {"model": "create:block/belt_casing/horizontal_end", "y": 90}}, {"when": {"AND": [{"part": "end"}, {"facing": "west", "slope": "vertical", "casing": "true"}]}, "apply": {"model": "create:block/belt_casing/sideways_start", "x": 90, "y": 180}}, {"when": {"AND": [{"part": "end"}, {"facing": "west", "slope": "sideways", "casing": "true"}]}, "apply": {"model": "create:block/belt_casing/sideways_start", "y": 90}}]}