{
  "multipart": [
    {
      "when": {"facing": "down"},
      "apply": {
        "model": "create:block/encased_fan/block",
        "x": 180
      }
    },
    {
      "when": {"facing": "down"},
      "apply": {
        "model": "create:block/encased_fan/propeller",
        "x": 90
      }
    },
    {
      "when": {"facing": "down"},
      "apply": {
        "model": "create:block/shaft_half",
        "x": 90
      }
    },
    {
      "when": {"facing": "up"},
      "apply": {
        "model": "create:block/encased_fan/block"
      }
    },
    {
      "when": {"facing": "up"},
      "apply": {
        "model": "create:block/encased_fan/propeller",
        "x": 270
      }
    },
    {
      "when": {"facing": "up"},
      "apply": {
        "model": "create:block/shaft_half",
        "x": 270
      }
    },
    {
      "when": {"facing": "north"},
      "apply": {
        "model": "create:block/encased_fan/block",
        "x": 90
      }
    },
    {
      "when": {"facing": "north"},
      "apply": {
        "model": "create:block/encased_fan/propeller"
      }
    },
    {
      "when": {"facing": "north"},
      "apply": {
        "model": "create:block/shaft_half"
      }
    },
    {
      "when": {"facing": "east"},
      "apply": {
        "model": "create:block/encased_fan/block",
        "x": 90,
        "y": 90
      }
    },
    {
      "when": {"facing": "east"},
      "apply": {
        "model": "create:block/encased_fan/propeller",
        "y": 90
      }
    },
    {
      "when": {"facing": "east"},
      "apply": {
        "model": "create:block/shaft_half",
        "y": 90
      }
    },
    {
      "when": {"facing": "south"},
      "apply": {
        "model": "create:block/encased_fan/block",
        "x": 90,
        "y": 180
      }
    },
    {
      "when": {"facing": "south"},
      "apply": {
        "model": "create:block/encased_fan/propeller",
        "y": 180
      }
    },
    {
      "when": {"facing": "south"},
      "apply": {
        "model": "create:block/shaft_half",
        "y": 180
      }
    },
    {
      "when": {"facing": "west"},
      "apply": {
        "model": "create:block/encased_fan/block",
        "x": 90,
        "y": 270
      }
    },
    {
      "when": {"facing": "west"},
      "apply": {
        "model": "create:block/encased_fan/propeller",
        "y": 270
      }
    },
    {
      "when": {"facing": "west"},
      "apply": {
        "model": "create:block/shaft_half",
        "y": 270
      }
    }
  ]
}