{
  "multipart": [
    {
      "when": {
        "axis": "x"
      },
      "apply": {
        "model": "create:block/gearbox/block",
        "uvlock": true,
        "x": 90,
        "y": 90
      }
    },
    {
      "when": {
        "axis": "y"
      },
      "apply": {
        "model": "create:block/gearbox/block",
        "uvlock": true
      }
    },
    {
      "when": {
        "axis": "z"
      },
      "apply": {
        "model": "create:block/gearbox/block",
        "uvlock": true,
        "x": 90,
        "y": 180
      }
    },
    {
      "when": {
        "OR": [
          {"axis": "x"},
          {"axis": "z"}
        ]
      },
      "apply": {
        "model": "create:block/shaft"
      }
    },
    {
      "when": {
        "OR": [
          {"axis": "x"},
          {"axis": "y"}
        ]
      },
      "apply": {
        "model": "create:block/shaft",
        "x": 90
      }
    },
    {
      "when": {
        "OR": [
          {"axis": "y"},
          {"axis": "z"}
        ]
      },
      "apply": {
        "model": "create:block/shaft",
        "x": 90,
        "y": 90
      }
    }
  ]
}