{
  "multipart": [
    {
      "when": {
        "AND": [
          { "axis": "x" },
          { "OR": [ { "waterlogged": "true" }, { "waterlogged": "false" } ] }
        ]
      },
      "apply": { "model": "create:block/track/bogey/top", "y": 90 }
    },
    {
      "when": {
        "AND": [
          { "axis": "x" },
          { "OR": [ { "waterlogged": "true" }, { "waterlogged": "false" } ] }
        ]
      },
      "apply": { "model": "create:block/track/bogey/bogey_drive", "y": 90 }
    },
    {
      "when": {
        "AND": [
          { "axis": "x" },
          { "OR": [ { "waterlogged": "true" }, { "waterlogged": "false" } ] }
        ]
      },
      "apply": { "model": "create:block/track/bogey/bogey_drive_wheel", "y": 90 }
    },
    {
      "when": {
        "AND": [
          { "axis": "x" },
          { "OR": [ { "waterlogged": "true" }, { "waterlogged": "false" } ] }
        ]
      },
      "apply": { "model": "create:block/track/bogey/bogey_drive_wheel_pin", "y": 90 }
    },
    {
      "when": {
        "AND": [
          { "axis": "x" },
          { "OR": [ { "waterlogged": "true" }, { "waterlogged": "false" } ] }
        ]
      },
      "apply": { "model": "create:block/track/bogey/bogey_drive_piston", "y": 90 }
    },
    {
      "when": {
        "AND": [
          { "axis": "x" },
          { "OR": [ { "waterlogged": "true" }, { "waterlogged": "false" } ] }
        ]
      },
      "apply": { "model": "create:block/track/bogey/bogey_drive_belt", "y": 90 }
    },

    {
      "when": {
        "AND": [
          { "axis": "z" },
          { "OR": [ { "waterlogged": "true" }, { "waterlogged": "false" } ] }
        ]
      },
      "apply": { "model": "create:block/track/bogey/top" }
    },
    {
      "when": {
        "AND": [
          { "axis": "z" },
          { "OR": [ { "waterlogged": "true" }, { "waterlogged": "false" } ] }
        ]
      },
      "apply": { "model": "create:block/track/bogey/bogey_drive" }
    },
    {
      "when": {
        "AND": [
          { "axis": "z" },
          { "OR": [ { "waterlogged": "true" }, { "waterlogged": "false" } ] }
        ]
      },
      "apply": { "model": "create:block/track/bogey/bogey_drive_wheel" }
    },
    {
      "when": {
        "AND": [
          { "axis": "z" },
          { "OR": [ { "waterlogged": "true" }, { "waterlogged": "false" } ] }
        ]
      },
      "apply": { "model": "create:block/track/bogey/bogey_drive_wheel_pin" }
    },
    {
      "when": {
        "AND": [
          { "axis": "z" },
          { "OR": [ { "waterlogged": "true" }, { "waterlogged": "false" } ] }
        ]
      },
      "apply": { "model": "create:block/track/bogey/bogey_drive_piston" }
    },
    {
      "when": {
        "AND": [
          { "axis": "z" },
          { "OR": [ { "waterlogged": "true" }, { "waterlogged": "false" } ] }
        ]
      },
      "apply": { "model": "create:block/track/bogey/bogey_drive_belt" }
    }
  ]
}
