{
  "multipart": [
    {
      "when": { "ceiling": "false" },
      "apply": { "model": "create:block/mechanical_arm/block" }
    },
    {
      "when": { "ceiling": "false" },
      "apply": { "model": "create:block/mechanical_arm/base_translated" }
    },
    {
      "when": { "ceiling": "false" },
      "apply": { "model": "create:block/mechanical_arm/claw_base_translated" }
    },
    {
      "when": { "ceiling": "false" },
      "apply": { "model": "create:block/mechanical_arm/cog" }
    },
    {
      "when": { "ceiling": "false" },
      "apply": { "model": "create:block/mechanical_arm/lower_body_translated" }
    },
    {
      "when": { "ceiling": "false" },
      "apply": { "model": "create:block/mechanical_arm/upper_body_translated" }
    },
    {
      "when": { "ceiling": "false" },
      "apply": { "model": "create:block/mechanical_arm/lower_claw_grip_translated" }
    },
    {
      "when": { "ceiling": "false" },
      "apply": { "model": "create:block/mechanical_arm/upper_claw_grip_translated" }
    },
    {
      "when": { "ceiling": "false" },
      "apply": { "model": "create:block/mechanical_arm/block" }
    },

    {
      "when": { "ceiling": "true" },
      "apply": { "model": "create:block/mechanical_arm/block", "x": 180 }
    },
    {
      "when": { "ceiling": "true" },
      "apply": { "model": "create:block/mechanical_arm/base_translated", "x": 180 }
    },
    {
      "when": { "ceiling": "true" },
      "apply": { "model": "create:block/mechanical_arm/claw_base_translated", "x": 180 }
    },
    {
      "when": { "ceiling": "true" },
      "apply": { "model": "create:block/mechanical_arm/cog", "x": 180 }
    },
    {
      "when": { "ceiling": "true" },
      "apply": { "model": "create:block/mechanical_arm/lower_body_translated", "x": 180 }
    },
    {
      "when": { "ceiling": "true" },
      "apply": { "model": "create:block/mechanical_arm/upper_body_translated", "x": 180 }
    },
    {
      "when": { "ceiling": "true" },
      "apply": { "model": "create:block/mechanical_arm/lower_claw_grip_translated", "x": 180 }
    },
    {
      "when": { "ceiling": "true" },
      "apply": { "model": "create:block/mechanical_arm/upper_claw_grip_translated", "x": 180 }
    },
    {
      "when": { "ceiling": "true" },
      "apply": { "model": "create:block/mechanical_arm/block", "x": 180 }
    }
  ]
}
