{
  "multipart": [
    {
      "when": {
        "facing": "east"
      },
      "apply": {
        "model": "create:block/weighted_ejector/block",
        "y": 90
      }
    },
    {
      "when": {
        "facing": "north"
      },
      "apply": {
        "model": "create:block/weighted_ejector/block"
      }
    },
    {
      "when": {
        "facing": "south"
      },
      "apply": {
        "model": "create:block/weighted_ejector/block",
        "y": 180
      }
    },
    {
      "when": {
        "facing": "west"
      },
      "apply": {
        "model": "create:block/weighted_ejector/block",
        "y": 270
      }
    },
    {
      "when": {
        "facing": "east"
      },
      "apply": {
        "model": "create:block/weighted_ejector/top",
        "y": 90
      }
    },
    {
      "when": {
        "facing": "north"
      },
      "apply": {
        "model": "create:block/weighted_ejector/top"
      }
    },
    {
      "when": {
        "facing": "south"
      },
      "apply": {
        "model": "create:block/weighted_ejector/top",
        "y": 180
      }
    },
    {
      "when": {
        "facing": "west"
      },
      "apply": {
        "model": "create:block/weighted_ejector/top",
        "y": 270
      }
    },
    {
      "when": {
        "facing": "east"
      },
      "apply": {
        "model": "create:block/shaft",
        "x": 90
      }
    },
    {
      "when": {
        "facing": "north"
      },
      "apply": {
        "model": "create:block/shaft",
        "x": 90,
        "y": 90
      }
    },
    {
      "when": {
        "facing": "south"
      },
      "apply": {
        "model": "create:block/shaft",
        "x": 90,
        "y": 270
      }
    },
    {
      "when": {
        "facing": "west"
      },
      "apply": {
        "model": "create:block/shaft",
        "x": 90
      }
    }
  ]
}