{
  "multipart": [
    {
      "when": {
        "facing": "down"
      },
      "apply": {
        "model": "create:block/windmill_bearing",
        "x": 180
      }
    },
    {
      "when": {
        "facing": "down"
      },
      "apply": {
        "model": "create:block/bearing/top",
        "x": 180
      }
    },
    {
      "when": {
        "facing": "east"
      },
      "apply": {
        "model": "create:block/windmill_bearing",
        "x": 90,
        "y": 90
      }
    },
    {
      "when": {
        "facing": "east"
      },
      "apply": {
        "model": "create:block/bearing/top",
        "x": 90,
        "y": 90
      }
    },
    {
      "when": {
        "facing": "north"
      },
      "apply": {
        "model": "create:block/windmill_bearing",
        "x": 90
      }
    },
    {
      "when": {
        "facing": "north"
      },
      "apply": {
        "model": "create:block/bearing/top",
        "x": 90
      }
    },
    {
      "when": {
        "facing": "south"
      },
      "apply": {
        "model": "create:block/windmill_bearing",
        "x": 90,
        "y": 180
      }
    },
    {
      "when": {
        "facing": "south"
      },
      "apply": {
        "model": "create:block/bearing/top",
        "x": 90,
        "y": 180
      }
    },
    {
      "when": {
        "facing": "up"
      },
      "apply": {
        "model": "create:block/windmill_bearing"
      }
    },
    {
      "when": {
        "facing": "up"
      },
      "apply": {
        "model": "create:block/bearing/top"
      }
    },
    {
      "when": {
        "facing": "west"
      },
      "apply": {
        "model": "create:block/windmill_bearing",
        "x": 90,
        "y": 270
      }
    },
    {
      "when": {
        "facing": "west"
      },
      "apply": {
        "model": "create:block/bearing/top",
        "x": 90,
        "y": 270
      }
    }
  ]
}