{
	"format_version": "1.21.6",
	"credit": "Made with Blockbench (Copyright (c) 2019 simibubi)",
	"textures": {
		"2": "create:block/fluid_valve",
		"particle": "create:block/copper_underside"
	},
	"elements": [
		{
			"from": [4.5, 13.5, 7.5],
			"to": [11.5, 13.5, 8.5],
			"rotation": {"angle": 0, "axis": "y", "origin": [8, 8, 8]},
			"faces": {
				"up": {"uv": [2, 7.5, 5.5, 8], "rotation": 180, "texture": "#2"}
			}
		},
		{
			"from": [4.5, 2.5, 7.5],
			"to": [11.5, 2.5, 8.5],
			"rotation": {"angle": 0, "axis": "y", "origin": [8, 8, 8]},
			"faces": {
				"down": {"uv": [2, 7.5, 5.5, 8], "texture": "#2"}
			}
		}
	],
	"display": {
		"thirdperson_righthand": {
			"rotation": [75, 45, 0],
			"translation": [0, 2.5, 0],
			"scale": [0.375, 0.375, 0.375]
		},
		"thirdperson_lefthand": {
			"rotation": [75, 45, 0],
			"translation": [0, 2.5, 0],
			"scale": [0.375, 0.375, 0.375]
		},
		"firstperson_righthand": {
			"rotation": [0, 45, 0],
			"scale": [0.4, 0.4, 0.4]
		},
		"firstperson_lefthand": {
			"rotation": [0, -135, 0],
			"scale": [0.4, 0.4, 0.4]
		},
		"ground": {
			"translation": [0, 3, 0],
			"scale": [0.25, 0.25, 0.25]
		},
		"gui": {
			"rotation": [30, 135, 0],
			"scale": [0.625, 0.625, 0.625]
		},
		"fixed": {
			"scale": [0.5, 0.5, 0.5]
		}
	},
	"groups": [
		{
			"name": "group",
			"origin": [7.5, 14, 8],
			"color": 0,
			"children": [0, 1]
		}
	]
}