{
	"format_version": "1.21.6",
	"credit": "Made with Blockbench (Copyright (c) 2019 simibubi)",
	"parent": "block/block",
	"textures": {
		"2": "create:block/elevator_pulley",
		"3": "create:block/brass_block",
		"5": "create:block/mechanical_arm"
	},
	"elements": [
		{
			"name": "Joint 1",
			"from": [3, 10, 3],
			"to": [13, 14, 13],
			"rotation": {"angle": 0, "axis": "y", "origin": [16, 1, 13]},
			"faces": {
				"north": {"uv": [5, 11, 7, 16], "rotation": 90, "texture": "#5"},
				"east": {"uv": [7, 11, 9, 16], "rotation": 90, "texture": "#5"},
				"south": {"uv": [5, 11, 7, 16], "rotation": 90, "texture": "#5"},
				"west": {"uv": [7, 11, 9, 16], "rotation": 90, "texture": "#5"},
				"up": {"uv": [0, 11, 5, 16], "rotation": 90, "texture": "#5"},
				"down": {"uv": [3, 3, 13, 13], "texture": "#3"}
			}
		},
		{
			"from": [5, 14, 4],
			"to": [11, 17, 12],
			"rotation": {"angle": 0, "axis": "y", "origin": [8, -1, 8]},
			"faces": {
				"north": {"uv": [12, 9, 15, 10.5], "texture": "#2"},
				"east": {"uv": [10, 13, 14, 14.5], "texture": "#2"},
				"south": {"uv": [12, 9, 15, 10.5], "texture": "#2"},
				"west": {"uv": [10, 13, 14, 14.5], "texture": "#2"},
				"up": {"uv": [6, 13, 10, 16], "rotation": 90, "texture": "#2"}
			}
		}
	],
	"display": {
		"thirdperson_righthand": {
			"rotation": [75, -149, 0],
			"translation": [0, 2.5, 0],
			"scale": [0.375, 0.375, 0.375]
		},
		"thirdperson_lefthand": {
			"rotation": [75, -149, 0],
			"translation": [0, 2.5, 0],
			"scale": [0.375, 0.375, 0.375]
		},
		"firstperson_righthand": {
			"rotation": [0, -55, 0],
			"scale": [0.4, 0.4, 0.4]
		},
		"firstperson_lefthand": {
			"rotation": [0, -55, 0],
			"scale": [0.4, 0.4, 0.4]
		},
		"ground": {
			"translation": [0, 1, 1.25],
			"scale": [0.25, 0.25, 0.25]
		},
		"gui": {
			"rotation": [30, 45, 0],
			"translation": [2.5, -0.5, 0],
			"scale": [0.625, 0.625, 0.625]
		},
		"fixed": {
			"rotation": [0, -180, 0],
			"translation": [0, 1.75, -4.5],
			"scale": [0.5, 0.5, 0.5]
		}
	}
}