{
	"format_version": "1.21.6",
	"credit": "Made with Blockbench (Copyright (c) 2019 simibubi)",
	"parent": "block/block",
	"textures": {
		"5": "create:block/mechanical_arm"
	},
	"elements": [
		{
			"name": "Joint 4",
			"from": [5.5, 20.5, -7.25],
			"to": [10.5, 26.5, -1.25],
			"rotation": {"angle": -45, "axis": "x", "origin": [16, 32.5, -1.25]},
			"faces": {
				"north": {"uv": [4, 3, 7, 5.5], "rotation": 90, "texture": "#5"},
				"east": {"uv": [4, 0, 7, 3], "texture": "#5"},
				"south": {"uv": [7, 3, 4, 5.5], "rotation": 90, "texture": "#5"},
				"west": {"uv": [4, 0, 7, 3], "texture": "#5"},
				"up": {"uv": [7, 3, 4, 5.5], "rotation": 90, "texture": "#5"},
				"down": {"uv": [4, 3, 7, 5.5], "rotation": 90, "texture": "#5"}
			}
		},
		{
			"from": [5, 20.5, -9.25],
			"to": [11, 26.5, -7.25],
			"rotation": {"angle": -45, "axis": "x", "origin": [16, 32.5, -1.25]},
			"faces": {
				"north": {"uv": [7, 0, 10, 3], "texture": "#5"},
				"east": {"uv": [10, 0, 11, 3], "texture": "#5"},
				"south": {"uv": [7, 0, 10, 3], "texture": "#5"},
				"west": {"uv": [11, 0, 10, 3], "texture": "#5"},
				"up": {"uv": [11, 0, 10, 3], "rotation": 90, "texture": "#5"},
				"down": {"uv": [10, 0, 11, 3], "rotation": 90, "texture": "#5"}
			}
		},
		{
			"from": [7, 19, -10.25],
			"to": [9, 28, -8.25],
			"rotation": {"angle": -45, "axis": "x", "origin": [16, 32.5, -1.25]},
			"faces": {
				"north": {"uv": [11.5, 0, 12.5, 4.5], "texture": "#5"},
				"east": {"uv": [11.5, 0, 12.5, 4.5], "texture": "#5"},
				"south": {"uv": [11.5, 0, 12.5, 4.5], "texture": "#5"},
				"west": {"uv": [11.5, 0, 12.5, 4.5], "texture": "#5"},
				"up": {"uv": [11.5, 4.5, 12.5, 5.5], "texture": "#5"},
				"down": {"uv": [11.5, 4.5, 12.5, 5.5], "rotation": 90, "texture": "#5"}
			}
		}
	],
	"display": {
		"thirdperson_righthand": {
			"rotation": [75, -149, 0],
			"translation": [0, 2.5, 0],
			"scale": [0.375, 0.375, 0.375]
		},
		"thirdperson_lefthand": {
			"rotation": [75, -149, 0],
			"translation": [0, 2.5, 0],
			"scale": [0.375, 0.375, 0.375]
		},
		"firstperson_righthand": {
			"rotation": [0, -55, 0],
			"scale": [0.4, 0.4, 0.4]
		},
		"firstperson_lefthand": {
			"rotation": [0, -55, 0],
			"scale": [0.4, 0.4, 0.4]
		},
		"ground": {
			"translation": [0, 1, 1.25],
			"scale": [0.25, 0.25, 0.25]
		},
		"gui": {
			"rotation": [30, 45, 0],
			"translation": [2.5, -0.5, 0],
			"scale": [0.625, 0.625, 0.625]
		},
		"fixed": {
			"rotation": [0, -180, 0],
			"translation": [0, 1.75, -4.5],
			"scale": [0.5, 0.5, 0.5]
		}
	}
}