{
	"format_version": "1.21.6",
	"credit": "Made with Blockbench (Copyright (c) 2019 simibubi)",
	"parent": "block/block",
	"textures": {
		"5": "create:block/mechanical_arm"
	},
	"elements": [
		{
			"name": "Arm 1",
			"from": [6.5, 14.5, 6],
			"to": [9.5, 19.5, 22],
			"rotation": {"angle": -45, "axis": "x", "origin": [8, 17, 11]},
			"faces": {
				"east": {"uv": [4, 0, 1.5, 8], "rotation": 90, "texture": "#5"},
				"west": {"uv": [1.5, 0, 4, 8], "rotation": 270, "texture": "#5"},
				"up": {"uv": [0, 0, 1.5, 8], "texture": "#5"},
				"down": {"uv": [0, 0, 1.5, 8], "rotation": 180, "texture": "#5"}
			}
		}
	],
	"display": {
		"thirdperson_righthand": {
			"rotation": [75, -149, 0],
			"translation": [0, 2.5, 0],
			"scale": [0.375, 0.375, 0.375]
		},
		"thirdperson_lefthand": {
			"rotation": [75, -149, 0],
			"translation": [0, 2.5, 0],
			"scale": [0.375, 0.375, 0.375]
		},
		"firstperson_righthand": {
			"rotation": [0, -55, 0],
			"scale": [0.4, 0.4, 0.4]
		},
		"firstperson_lefthand": {
			"rotation": [0, -55, 0],
			"scale": [0.4, 0.4, 0.4]
		},
		"ground": {
			"translation": [0, 1, 1.25],
			"scale": [0.25, 0.25, 0.25]
		},
		"gui": {
			"rotation": [30, 45, 0],
			"translation": [2.5, -0.5, 0],
			"scale": [0.625, 0.625, 0.625]
		},
		"fixed": {
			"rotation": [0, -180, 0],
			"translation": [0, 1.75, -4.5],
			"scale": [0.5, 0.5, 0.5]
		}
	}
}