{
	"format_version": "1.21.6",
	"credit": "Made with Blockbench (Copyright (c) 2019 simibubi)",
	"parent": "block/block",
	"textures": {
		"5": "create:block/mechanical_arm"
	},
	"elements": [
		{
			"name": "Joint 2",
			"from": [5.5, 21, 15],
			"to": [10.5, 27, 21],
			"rotation": {"angle": 0, "axis": "y", "origin": [8, 0, 18]},
			"faces": {
				"north": {"uv": [4, 3, 7, 5.5], "rotation": 90, "texture": "#5"},
				"east": {"uv": [4, 0, 7, 3], "texture": "#5"},
				"south": {"uv": [7, 3, 4, 5.5], "rotation": 90, "texture": "#5"},
				"west": {"uv": [4, 0, 7, 3], "texture": "#5"},
				"up": {"uv": [7, 3, 4, 5.5], "rotation": 90, "texture": "#5"},
				"down": {"uv": [4, 3, 7, 5.5], "rotation": 90, "texture": "#5"}
			}
		},
		{
			"name": "Arm 2",
			"from": [4.5, 22, 3],
			"to": [11.5, 26, 18],
			"rotation": {"angle": 0, "axis": "y", "origin": [8, 0, 18]},
			"faces": {
				"north": {"uv": [12.5, 8.5, 16, 6.5], "texture": "#5"},
				"east": {"uv": [10.5, 8.5, 12.5, 16], "rotation": 90, "texture": "#5"},
				"south": {"uv": [12.5, 8.5, 16, 6.5], "texture": "#5"},
				"west": {"uv": [10.5, 8.5, 12.5, 16], "rotation": 270, "texture": "#5"},
				"up": {"uv": [12.5, 8.5, 16, 16], "texture": "#5"},
				"down": {"uv": [12.5, 8.5, 16, 16], "texture": "#5"}
			}
		}
	],
	"display": {
		"thirdperson_righthand": {
			"rotation": [75, -149, 0],
			"translation": [0, 2.5, 0],
			"scale": [0.375, 0.375, 0.375]
		},
		"thirdperson_lefthand": {
			"rotation": [75, -149, 0],
			"translation": [0, 2.5, 0],
			"scale": [0.375, 0.375, 0.375]
		},
		"firstperson_righthand": {
			"rotation": [0, -55, 0],
			"scale": [0.4, 0.4, 0.4]
		},
		"firstperson_lefthand": {
			"rotation": [0, -55, 0],
			"scale": [0.4, 0.4, 0.4]
		},
		"ground": {
			"translation": [0, 1, 1.25],
			"scale": [0.25, 0.25, 0.25]
		},
		"gui": {
			"rotation": [30, 45, 0],
			"translation": [2.5, -0.5, 0],
			"scale": [0.625, 0.625, 0.625]
		},
		"fixed": {
			"rotation": [0, -180, 0],
			"translation": [0, 1.75, -4.5],
			"scale": [0.5, 0.5, 0.5]
		}
	}
}